<?xml version="1.0" encoding="UTF-8"?>
<project-private xmlns="http://www.netbeans.org/ns/project-private/1">
    <editor-bookmarks xmlns="http://www.netbeans.org/ns/editor-bookmarks/2" lastBookmarkId="0"/>
    <open-files xmlns="http://www.netbeans.org/ns/projectui-open-files/2">
        <group>
            <file>file:/C:/Users/Sankalp/Desktop/Java%20Prax123/User/Servlet%20login%20and%20JSP%20display%20values/ShopCart/ShopCart-ejb/src/java/pack/CartBeanRemote.java</file>
            <file>file:/C:/Users/Sankalp/Desktop/Java%20Prax123/User/Servlet%20login%20and%20JSP%20display%20values/ShopCart/ShopCart-ejb/src/java/pack/CartBean.java</file>
        </group>
    </open-files>
</project-private>
