<?xml version="1.0" encoding="UTF-8"?>
<project-private xmlns="http://www.netbeans.org/ns/project-private/1">
    <editor-bookmarks xmlns="http://www.netbeans.org/ns/editor-bookmarks/1"/>
    <editor-bookmarks xmlns="http://www.netbeans.org/ns/editor-bookmarks/2" lastBookmarkId="0"/>
    <open-files xmlns="http://www.netbeans.org/ns/projectui-open-files/2">
        <group>
            <file>file:/G:/TYIT/Java/Java%20Notes/Java%20Programs/TYIT_2017/EJB%20PRACS/PRACTICAL%201/Convert/src/pack/ConverterSessionBeanRemote.java</file>
        </group>
    </open-files>
</project-private>
