<?xml version="1.0" encoding="UTF-8"?>
<project-private xmlns="http://www.netbeans.org/ns/project-private/1">
    <editor-bookmarks xmlns="http://www.netbeans.org/ns/editor-bookmarks/2" lastBookmarkId="0"/>
    <open-files xmlns="http://www.netbeans.org/ns/projectui-open-files/2">
        <group>
            <file>file:/C:/Users/Sankalp/Desktop/Java%20Prax123/User/Servlet%20login%20and%20JSP%20display%20values/servlet%20login/src/java/pack1/val.java</file>
            <file>file:/C:/Users/Sankalp/Desktop/Java%20Prax123/User/Servlet%20login%20and%20JSP%20display%20values/servlet%20login/web/index.html</file>
            <file>file:/C:/Users/Sankalp/Desktop/Java%20Prax123/User/Servlet%20login%20and%20JSP%20display%20values/servlet%20login/src/java/pack1/Welcome.java</file>
        </group>
    </open-files>
</project-private>
